pe,mo
pres,ACCESS_bioclim_pres_brachycephalus_ephippium03
pres,ACCESS_gower_pres_brachycephalus_ephippium01
pres,ACCESS_gower_pres_brachycephalus_ephippium03
pres,ACCESS_gower_pres_brachycephalus_ephippium04
pres,ACCESS_gower_pres_brachycephalus_ephippium05
pres,ACCESS_maha_pres_brachycephalus_ephippium01
pres,ACCESS_maha_pres_brachycephalus_ephippium02
pres,ACCESS_maha_pres_brachycephalus_ephippium03
pres,ACCESS_maha_pres_brachycephalus_ephippium04
pres,ACCESS_maha_pres_brachycephalus_ephippium05
pres,ACCESS_maxent_pres_brachycephalus_ephippium01
pres,ACCESS_maxent_pres_brachycephalus_ephippium02
pres,ACCESS_maxent_pres_brachycephalus_ephippium03
pres,ACCESS_maxent_pres_brachycephalus_ephippium04
pres,ACCESS_maxent_pres_brachycephalus_ephippium05
pres,ACCESS_svm_pres_brachycephalus_ephippium01
pres,ACCESS_svm_pres_brachycephalus_ephippium02
pres,ACCESS_svm_pres_brachycephalus_ephippium03
pres,ACCESS_svm_pres_brachycephalus_ephippium04
pres,ACCESS_svm_pres_brachycephalus_ephippium05
rcp45_2050,ACCESS_bioclim_rcp45_2050_brachycephalus_ephippium03
rcp45_2050,ACCESS_gower_rcp45_2050_brachycephalus_ephippium01
rcp45_2050,ACCESS_gower_rcp45_2050_brachycephalus_ephippium03
rcp45_2050,ACCESS_gower_rcp45_2050_brachycephalus_ephippium04
rcp45_2050,ACCESS_gower_rcp45_2050_brachycephalus_ephippium05
rcp45_2050,ACCESS_maha_rcp45_2050_brachycephalus_ephippium01
rcp45_2050,ACCESS_maha_rcp45_2050_brachycephalus_ephippium02
rcp45_2050,ACCESS_maha_rcp45_2050_brachycephalus_ephippium03
rcp45_2050,ACCESS_maha_rcp45_2050_brachycephalus_ephippium04
rcp45_2050,ACCESS_maha_rcp45_2050_brachycephalus_ephippium05
rcp45_2050,ACCESS_maxent_rcp45_2050_brachycephalus_ephippium01
rcp45_2050,ACCESS_maxent_rcp45_2050_brachycephalus_ephippium02
rcp45_2050,ACCESS_maxent_rcp45_2050_brachycephalus_ephippium03
rcp45_2050,ACCESS_maxent_rcp45_2050_brachycephalus_ephippium04
rcp45_2050,ACCESS_maxent_rcp45_2050_brachycephalus_ephippium05
rcp45_2050,ACCESS_svm_rcp45_2050_brachycephalus_ephippium01
rcp45_2050,ACCESS_svm_rcp45_2050_brachycephalus_ephippium02
rcp45_2050,ACCESS_svm_rcp45_2050_brachycephalus_ephippium03
rcp45_2050,ACCESS_svm_rcp45_2050_brachycephalus_ephippium04
rcp45_2050,ACCESS_svm_rcp45_2050_brachycephalus_ephippium05
rcp45_2070,ACCESS-bioclim_rcp45_2070_brachycephalus_ephippium03
rcp45_2070,ACCESS_gower_rcp45_2070_brachycephalus_ephippium01
rcp45_2070,ACCESS_gower_rcp45_2070_brachycephalus_ephippium03
rcp45_2070,ACCESS_gower_rcp45_2070_brachycephalus_ephippium04
rcp45_2070,ACCESS_gower_rcp45_2070_brachycephalus_ephippium05
rcp45_2070,ACCESS_maha_rcp45_2070_brachycephalus_ephippium01
rcp45_2070,ACCESS_maha_rcp45_2070_brachycephalus_ephippium02
rcp45_2070,ACCESS_maha_rcp45_2070_brachycephalus_ephippium03
rcp45_2070,ACCESS_maha_rcp45_2070_brachycephalus_ephippium04
rcp45_2070,ACCESS_maha_rcp45_2070_brachycephalus_ephippium05
rcp45_2070,ACCESS_maxent_rcp45_2070_brachycephalus_ephippium01
rcp45_2070,ACCESS_maxent_rcp45_2070_brachycephalus_ephippium02
rcp45_2070,ACCESS_maxent_rcp45_2070_brachycephalus_ephippium03
rcp45_2070,ACCESS_maxent_rcp45_2070_brachycephalus_ephippium04
rcp45_2070,ACCESS_maxent_rcp45_2070_brachycephalus_ephippium05
rcp45_2070,ACCESS_svm_rcp45_2070_brachycephalus_ephippium01
rcp45_2070,ACCESS_svm_rcp45_2070_brachycephalus_ephippium02
rcp45_2070,ACCESS_svm_rcp45_2070_brachycephalus_ephippium03
rcp45_2070,ACCESS_svm_rcp45_2070_brachycephalus_ephippium04
rcp45_2070,ACCESS_svm_rcp45_2070_brachycephalus_ephippium05
rcp85_2050,ACCESS_bioclim_rcp85_2050_brachycephalus_ephippium03
rcp85_2050,ACCESS_gower_rcp85_2050_brachycephalus_ephippium01
rcp85_2050,ACCESS_gower_rcp85_2050_brachycephalus_ephippium03
rcp85_2050,ACCESS_gower_rcp85_2050_brachycephalus_ephippium04
rcp85_2050,ACCESS_gower_rcp85_2050_brachycephalus_ephippium05
rcp85_2050,ACCESS_maha_rcp85_2050_brachycephalus_ephippium01
rcp85_2050,ACCESS_maha_rcp85_2050_brachycephalus_ephippium02
rcp85_2050,ACCESS_maha_rcp85_2050_brachycephalus_ephippium03
rcp85_2050,ACCESS_maha_rcp85_2050_brachycephalus_ephippium04
rcp85_2050,ACCESS_maha_rcp85_2050_brachycephalus_ephippium05
rcp85_2050,ACCESS_maxent_rcp85_2050_brachycephalus_ephippium01
rcp85_2050,ACCESS_maxent_rcp85_2050_brachycephalus_ephippium02
rcp85_2050,ACCESS_maxent_rcp85_2050_brachycephalus_ephippium03
rcp85_2050,ACCESS_maxent_rcp85_2050_brachycephalus_ephippium04
rcp85_2050,ACCESS_maxent_rcp85_2050_brachycephalus_ephippium05
rcp85_2050,ACCESS_svm_rcp85_2050_brachycephalus_ephippium01
rcp85_2050,ACCESS_svm_rcp85_2050_brachycephalus_ephippium02
rcp85_2050,ACCESS_svm_rcp85_2050_brachycephalus_ephippium03
rcp85_2050,ACCESS_svm_rcp85_2050_brachycephalus_ephippium04
rcp85_2050,ACCESS_svm_rcp85_2050_brachycephalus_ephippium05
rcp85_2070,ACCESS_bioclim_rcp85_2070_brachycephalus_ephippium03
rcp85_2070,ACCESS_gower_rcp85_2070_brachycephalus_ephippium01
rcp85_2070,ACCESS_gower_rcp85_2070_brachycephalus_ephippium03
rcp85_2070,ACCESS_gower_rcp85_2070_brachycephalus_ephippium04
rcp85_2070,ACCESS_gower_rcp85_2070_brachycephalus_ephippium05
rcp85_2070,ACCESS_maha_rcp85_2070_brachycephalus_ephippium01
rcp85_2070,ACCESS_maha_rcp85_2070_brachycephalus_ephippium02
rcp85_2070,ACCESS_maha_rcp85_2070_brachycephalus_ephippium03
rcp85_2070,ACCESS_maha_rcp85_2070_brachycephalus_ephippium04
rcp85_2070,ACCESS_maha_rcp85_2070_brachycephalus_ephippium05
rcp85_2070,ACCESS_maxent_rcp85_2070_brachycephalus_ephippium01
rcp85_2070,ACCESS_maxent_rcp85_2070_brachycephalus_ephippium02
rcp85_2070,ACCESS_maxent_rcp85_2070_brachycephalus_ephippium03
rcp85_2070,ACCESS_maxent_rcp85_2070_brachycephalus_ephippium04
rcp85_2070,ACCESS_maxent_rcp85_2070_brachycephalus_ephippium05
rcp85_2070,ACCESS_svm_rcp85_2070_brachycephalus_ephippium01
rcp85_2070,ACCESS_svm_rcp85_2070_brachycephalus_ephippium02
rcp85_2070,ACCESS_svm_rcp85_2070_brachycephalus_ephippium03
rcp85_2070,ACCESS_svm_rcp85_2070_brachycephalus_ephippium04
rcp85_2070,ACCESS_svm_rcp85_2070_brachycephalus_ephippium05
